{"cameraMode":{"drawMode":0,"name":"Shaded","section":"Shading Mode"},"sceneLighting":false,"audioPlay":false,"sceneViewState":{"showFog":true,"showMaterialUpdate":true,"showSkybox":false,"showFlares":true,"showImageEffects":true,"showParticleSystems":true},"in2DMode":false,"pivot":{"x":80.99017333984375,"y":174.64309692382813,"z":-102.29940795898438},"rotation":{"x":0.3890096843242645,"y":-0.2877849042415619,"z":0.12934568524360658,"w":0.8655192255973816},"size":-97.40221405029297,"orthographic":false}