{"cameraMode":{"drawMode":0,"name":"Shaded","section":"Shading Mode"},"sceneLighting":false,"audioPlay":false,"sceneViewState":{"showFog":true,"showMaterialUpdate":true,"showSkybox":false,"showFlares":true,"showImageEffects":true,"showParticleSystems":true},"in2DMode":false,"pivot":{"x":-13.75,"y":4.362500190734863,"z":20.587501525878908},"rotation":{"x":0.27190056443214419,"y":0.014434859156608582,"z":-0.004078360740095377,"w":0.9622126817703247},"size":11.387564659118653,"orthographic":false}