{"cameraMode":{"drawMode":0,"name":"Shaded","section":"Shading Mode"},"sceneLighting":false,"audioPlay":false,"sceneViewState":{"showFog":true,"showMaterialUpdate":true,"showSkybox":false,"showFlares":true,"showImageEffects":true,"showParticleSystems":true},"in2DMode":false,"pivot":{"x":22.67931365966797,"y":-0.31626081466674807,"z":-98.23068237304688},"rotation":{"x":0.0482160858809948,"y":-0.2894154489040375,"z":0.014596305787563324,"w":0.9558801054954529},"size":30.27654266357422,"orthographic":false}